,smiles,y_true
0,c1cc2ccc3cccc4ccc(c1)c2c34,-1.6011446112145609
1,Cc1cc(=O)[nH]c(=S)[nH]1,0.2084825109465323
2,Oc1ccc(cc1)C2(OC(=O)c3ccccc23)c4ccc(O)cc4 ,-0.016027378006073883
3,c1ccc2c(c1)cc3ccc4cccc5ccc2c3c45,-2.8219171323943573
4,C1=Cc2cccc3cccc1c23,-0.5289163484581484
5,CC1CO1,1.101683491564013
6,CCN2c1ccccc1N(C)C(=S)c3cccnc23 ,-0.8898740578517784
7,CC12CCC3C(CCc4cc(O)ccc34)C2CCC1=O,-0.5264970608616765
8,Cn2cc(c1ccccc1)c(=O)c(c2)c3cccc(c3)C(F)(F)F,-0.7635872453159374
9,ClC(Cl)(Cl)C(NC=O)N1C=CN(C=C1)C(NC=O)C(Cl)(Cl)Cl ,-0.6402035778958629
10,COc2c1occc1cc3ccc(=O)oc23 ,-0.38569452274700317
11,CN2C(=C(O)c1ccccc1S2(=O)=O)C(=O)Nc3ccccn3 ,-0.6256878523170305
12,Cc3cc2nc1c(=O)[nH]c(=O)nc1n(CC(O)C(O)C(O)CO)c2cc3C,-0.39585553065218576
13,c1ccc(cc1)c2ccc(cc2)c3ccccc3,-2.05306753423554
14,CC34CC(=O)C1C(CCC2=CC(=O)CCC12C)C3CCC4(=O) ,-0.2966647391968317
15,c1ccc2c(c1)sc3ccccc23,-0.7321365065618005
16,CC23Cc1cnoc1C=C2CCC4C3CCC5(C)C4CCC5(O)C#C,-1.2774439308066008
17,OC(C(=O)c1ccccc1)c2ccccc2,0.008165497958646526
18,OCC2OC(Oc1ccccc1CO)C(O)C(O)C2O,0.9758805365474663
19,CC3C2CCC1(C)C=CC(=O)C(=C1C2OC3=O)C,-0.10796030667201174
20,O=Cc2ccc1OCOc1c2 ,0.5984716714978268
21,CC1CCCCC1NC(=O)Nc2ccccc2,-0.6014949763523101
22,CC(=O)N(S(=O)c1ccc(N)cc1)c2onc(C)c2C ,-0.3498890663192167
23,C1N(C(=O)NCC(C)C)C(=O)NC1,0.3468657614647336
24,CNC(=O)Oc1ccccc1C2OCCO2,0.6275031226554912
25,CC1=C(CCCO1)C(=O)Nc2ccccc2 ,0.14848417855402543
26,Cn2c(=O)on(c1ccc(Cl)c(Cl)c1)c2=O,0.022681223537478944
27,C1Cc2cccc3cccc1c23,-0.853100886385403
28,c1ccc2cc3c4cccc5cccc(c3cc2c1)c45,-2.7207909108618256
29,Nc1cc(nc(N)n1=O)N2CCCCC2 ,0.4247668220711335
30,O=c2c(C3CCCc4ccccc43)c(O)c1ccccc1o2 ,0.013004073151590736
31,CC(C)C(Nc1ccc(cc1Cl)C(F)(F)F)C(=O)OC(C#N)c2cccc(Oc3ccccc3)c2,-2.485152298965448
32,Cc1c(F)c(F)c(COC(=O)C2C(C=C(Cl)C(F)(F)F)C2(C)C)c(F)c1F,-2.1551614708066604
33,c2ccc1[nH]nnc1c2,1.0097505628980752
34,c2ccc1ocnc1c2,0.8258847055661994
35,CCOC(=O)c1cncn1C(C)c2ccccc2,-0.9039059259113162
36,CCN2c1ccccc1N(C)C(=O)c3ccccc23 ,-0.9106799311814378
37,OCC(O)COC(=O)c1ccccc1Nc2ccnc3cc(Cl)ccc23,-0.8245532927470332
38,OCC1OC(OC2C(O)C(O)C(O)OC2CO)C(O)C(O)C1O,1.2690981932398788
39,CC34CCc1c(ccc2cc(O)ccc12)C3CCC4=O,-1.1482539731549932
40,ClC1=C(Cl)C(Cl)(C(=C1Cl)Cl)C2(Cl)C(=C(Cl)C(=C2Cl)Cl)Cl,-2.134355597477
41,ClC1(C(=O)C2(Cl)C3(Cl)C14Cl)C5(Cl)C2(Cl)C3(Cl)C(Cl)(Cl)C45Cl,-1.157447266021587
42,Oc1ccc(c(O)c1)c3oc2cc(O)cc(O)c2c(=O)c3O ,-0.10457330403695103
43,C1SC(=S)NC1(=O),0.5307316187966092
44,ClC(Cl)C(Cl)(Cl)SN2C(=O)C1CC=CCC1C2=O ,-1.2256711762420989
45,ClC1=C(Cl)C2(Cl)C3C4CC(C=C4)C3C1(Cl)C2(Cl)Cl,-1.6645299462421288
46,CC(=O)Nc1nnc(s1)S(N)(=O)=O ,0.2452556824129075
47,CC1=C(SCCO1)C(=O)Nc2ccccc2,-0.13215318263673237
48,CN(C(=O)COc1nc2ccccc2s1)c3ccccc3,-0.9706782635739448
49,CN(C(=O)NC(C)(C)c1ccccc1)c2ccccc2,-0.23376326168855843
50,Nc1nccs1 ,1.2129707210017273
51,CN(C=Nc1ccc(C)cc1C)C=Nc2ccc(C)cc2C,-1.2595412025927073
52,OCC(O)C2OC1OC(OC1C2O)C(Cl)(Cl)Cl ,0.49686159244600053
53,Nc3nc(N)c2nc(c1ccccc1)c(N)nc2n3,0.22396595156395344
54,CC2Nc1cc(Cl)c(cc1C(=O)N2c3ccccc3C)S(N)(=O)=O ,-0.44182199498515456
55,CN1CC(O)N(C1=O)c2nnc(s2)C(C)(C)C,0.47895886423210743
56,CCC1(C(=O)NC(=O)NC1=O)C2=CCC3CCC2C3,0.08267955592998562
57,CCC(C)C(=O)OC2CC(C)C=C3C=CC(C)C(CCC1CC(O)CC(=O)O1)C23 ,-1.5184049754152167
58,CC2Cc1ccccc1N2NC(=O)c3ccc(Cl)c(c3)S(N)(=O)=O ,-0.3479536362420393
59,o1c2ccccc2c3ccccc13,-0.8385851608065706
60,O=C(Nc1ccccc1)Nc2ccccc2,-0.13699175782967637
61,c1ccc2c(c1)c3cccc4c3c2cc5ccccc54,-2.594987955845279
62,COc1ccc(cc1)C(O)(C2CC2)c3cncnc3 ,0.13106530785942666
63,c1cnc2c(c1)ccc3ncccc23,0.09042127623869618
64,OCC1OC(CO)(OC2OC(COC3OC(CO)C(O)C(O)C3O)C(O)C(O)C2O)C(O)C1O,1.1887778450370068
65,CCOC(=O)c1ccccc1S(=O)(=O)NN(C=O)c2nc(Cl)cc(OC)n2,-0.8269725803435052
66,CC34CCC1C(=CCc2cc(O)ccc12)C3CCC4=O,-1.1685759889653584
67,CN(C)C(=O)Oc1cc(C)nn1c2ccccc2,0.37589721262239817
68,OC(Cn1cncn1)(c2ccc(F)cc2)c3ccccc3F,-0.24344041207444664
69,Cc1c2ccccc2c(C)c3ccc4ccccc4c13,-2.009520357499043
70,Cc3nnc4CN=C(c1ccccc1Cl)c2cc(Cl)ccc2n34,-0.5918178259664216
71,Cc3ccnc4N(C1CC1)c2ncccc2C(=O)Nc34 ,-0.1563460586014528
72,c1cc2cccc3c4cccc5cccc(c(c1)c23)c54,-2.8727221719202705
73,COc1cc(cc(OC)c1O)C6C2C(COC2=O)C(OC4OC3COC(C)OC3C(O)C4O)c7cc5OCOc5cc67,-0.3406957734526231
74,O=c1[nH]cnc2nc[nH]c12 ,0.2762225636477498
75,C1C(O)CCC2(C)CC3CCC4(C)C5(C)CC6OCC(C)CC6OC5CC4C3C=C21,-2.154677613287366
76,Cc1ccccc1n3c(C)nc2ccccc2c3=O,-0.028123815988434088
77,CCOc1ccc(cc1)C(C)(C)COCc3cccc(Oc2ccccc2)c3,-2.7740152379842105
78,CCC1(CCC(=O)NC1=O)c2ccccc2 ,0.2563844053566788
79,CC1CC(C)C(=O)C(C1)C(O)CC2CC(=O)NC(=O)C2 ,0.8404004311450317
80,CC(=O)C3CCC4C2CC=C1CC(O)CCC1(C)C2CCC34C ,-0.8627780367712915
81,Cc1ccc(OP(=O)(Oc2cccc(C)c2)Oc3ccccc3C)cc1,-1.5208242630116886
82,CSc1nnc(c(=O)n1N)C(C)(C)C,0.2970284369774092
83,Nc1ncnc2n(ccc12)C3OC(CO)C(O)C3O ,0.4436372653236155
84,O=C2NC(=O)C1(CC1)C(=O)N2 ,0.4746041465584578
85,C1Cc2ccccc2C1,-0.08376743070729133
86,c1ccc2cnccc2c1,0.6855660249708205
87,OCC1OC(C(O)C1O)n2cnc3c(O)ncnc23,0.7920146792155907
88,c2(Cl)c(Cl)c(Cl)c1nccnc1c2(Cl) ,-1.2401869018209308
89,C1OC1c2ccccc2 ,0.612987397076659
90,CCC(=C(CC)c1ccc(O)cc1)c2ccc(O)cc2 ,-0.5821406755805336
91,c1ccc2c(c1)c3cccc4cccc2c34,-1.5159856878187448
92,CC(C)C(C(=O)OC(C#N)c1cccc(Oc2ccccc2)c1)c3ccc(OC(F)F)cc3,-1.9398448747206478
93,CCCC1COC(Cn2cncn2)(O1)c3ccc(Cl)cc3Cl,-0.30295488694765915
94,O=C2CN(N=Cc1ccc(o1)N(=O)=O)C(=O)N2 ,-0.24827898726739064
95,NC(=O)c1cnccn1,1.0644264625783433
96,OC4=C(C1CCC(CC1)c2ccc(Cl)cc2)C(=O)c3ccccc3C4=O,-1.4825995189874304
97,O=C(Cn1ccnc1N(=O)=O)NCc2ccccc2,0.02751979873042294
98,CCC1(C(=O)NC(=O)NC1=O)C2=CCCCC2 ,0.33718861107884535
99,COC(=O)C1=C(C)NC(=C(C1c2ccccc2N(=O)=O)C(=O)OC)C ,-0.9160023638936763
100,O=C2NC(=O)C1(CCC1)C(=O)N2,0.5863752335154664
101,CCCOP(=S)(OCCC)SCC(=O)N1CCCCC1C,-0.6208492771240866
102,N(c1ccccc1)c2ccccc2,-0.3082773196598975
103,ClC(Cl)=C(c1ccc(Cl)cc1)c2ccc(Cl)cc2,-1.951457455183714
104,O=c2[nH]c1CCCc1c(=O)n2C3CCCCC3,-0.835682015690804
105,CCC1(C(=O)NCNC1=O)c2ccccc2,0.1097755770104726
106,O=C1CCCN1,1.9048869735927334
107,COc5cc4OCC3Oc2c1CC(Oc1ccc2C(=O)C3c4cc5OC)C(C)=C ,-0.751490807333577
108,ClC4=C(Cl)C5(Cl)C3C1CC(C2OC12)C3C4(Cl)C5(Cl)Cl,-1.6563043684141237
109,c1ccsc1,0.7436289272861496
110,c1ccc2c(c1)ccc3c2ccc4c5ccccc5ccc43,-2.420799248899291
111,Cc1occc1C(=O)Nc2ccccc2,-0.20957038572383782
112,OCC3OC(OCC2OC(OC(C#N)c1ccccc1)C(O)C(O)C2O)C(O)C(O)C3O ,1.0145891380910192
